[
    {
        "id": "7f11a835374d6c04",
        "type": "tab",
        "label": "Flow 1",
        "disabled": false,
        "info": "",
        "env": []
    },
    {
        "id": "8ebaeb3da17c68bd",
        "type": "inject",
        "z": "7f11a835374d6c04",
        "name": "",
        "props": [
            {
                "p": "payload"
            },
            {
                "p": "topic",
                "vt": "str"
            }
        ],
        "repeat": "",
        "crontab": "",
        "once": false,
        "onceDelay": 0.1,
        "topic": "",
        "payload": "",
        "payloadType": "date",
        "x": 100,
        "y": 100,
        "wires": [
            [
                "3466907820e33528"
            ]
        ]
    },
    {
        "id": "3466907820e33528",
        "type": "debug",
        "z": "7f11a835374d6c04",
        "name": "debug 1",
        "active": true,
        "tosidebar": true,
        "console": false,
        "tostatus": false,
        "complete": "false",
        "statusVal": "",
        "statusType": "auto",
        "x": 280,
        "y": 100,
        "wires": []
    }
]